Tempo_s,Drone_ID,Pos_N_Metros,Pos_E_Metros,Distancia_Percorrida_Acumulada_m,Distancia_Minima_Obstaculo_Instante_m
8.106231689453125e-06,0,-0.006419169229499033,-0.02557610192828569,0.0,20.00643551740048
8.106231689453125e-06,1,-3.0086821891863735,3.030307629635213,0.0,23.20737426796077
8.106231689453125e-06,2,-2.9975626967608804,-2.9760845325107024,0.0,23.18932877717889
8.106231689453125e-06,3,-6.022064700861418,6.0786645541396735,0.0,26.0383699624154
8.106231689453125e-06,4,-6.010945208435925,-5.994334228060828,0.0,26.03037906525961
8.106231689453125e-06,5,-9.046566705669278,9.014119370244922,0.0,29.116313541114554
8.106231689453125e-06,6,-8.990969242127168,-8.982476694656619,0.0,29.05867360088585
8.106231689453125e-06,7,-11.926515306116436,-12.000726390206744,0.0,32.31578010850732
0.3500199317932129,0,0.004700323195994116,-0.018049294629853333,0.013427432364690357,19.995307823142785
0.3500199317932129,1,-3.0086821891863735,3.022780822456478,0.0075268071787348845,23.206392653396023
0.3500199317932129,2,-2.9975626967608804,-2.9760845325107024,0.0,23.18932877717889
0.3500199317932129,3,-6.010945208435925,6.071137746841241,0.01342743236469067,26.027524963422835
0.3500199317932129,4,-6.010945208435925,-5.971753806404925,0.02258042165590357,26.031261223208116
0.3500199317932129,5,-9.046566705669278,9.021646177423658,0.007526807178736661,29.11683517578081
0.3500199317932129,6,-8.990969242127168,-8.974949887477882,0.007526807178736661,29.058161068037535
0.3500199317932129,7,-11.948754290967422,-11.993199583028007,0.023478187185306275,32.33658829902376
0.6729028224945068,0,0.015819816328810354,-0.01052248745111809,0.026854865248030636,19.9841829539308
0.6729028224945068,1,-2.986443203628064,3.022780822456478,0.029765792737044272,23.184343317295607
0.6729028224945068,2,-2.975323711202571,-2.9836113396894377,0.023478187855295714,23.16824197605141
0.6729028224945068,3,-5.977586730452122,6.056084132483771,0.050025237744511716,25.99473003328004
0.6729028224945068,4,-5.977586730452122,-5.971753806404925,0.05593889963970611,25.997928813134425
0.6729028224945068,5,-9.013208227685476,9.014119370244922,0.04172389593935576,29.08303506342885
0.6729028224945068,6,-8.979849749701675,-8.96742308017945,0.020954239543426338,29.04655651005308
0.6729028224945068,7,-11.926515306116436,-11.985672775729576,0.04695637440898507,32.3134540496422
1.0318658351898193,0,0.10477575714740173,-0.0029956802723828456,0.11612867010268321,19.89522446838663
1.0318658351898193,1,-2.908606755234966,3.022780822456478,0.1076022411301425,23.107173504490067
1.0318658351898193,2,-2.8863677689693334,-2.9836113396894377,0.11243413008853326,23.080029598829412
1.0318658351898193,3,-5.877511296500715,6.041030518006603,0.15122654104338107,25.895273958155315
1.0318658351898193,4,-5.888630788926208,-5.964226999226191,0.1452127051991632,25.909342520304715
1.0318658351898193,5,-8.902013300601253,9.014119370244922,0.15291882302357962,28.972108132922042
1.0318658351898193,6,-8.879774315750266,-8.96742308017945,0.12102967349483484,28.946711697619328
1.0318658351898193,7,-11.815320379032212,-11.978145968550841,0.1584057559037772,32.20243077944057
1.3907842636108398,0,0.30492662505021695,-0.0029956802723828456,0.31627953800549846,19.6950736027758
1.3907842636108398,1,-2.6862169010665182,3.015254015158045,0.33011943162375623,22.88572030892108
1.3907842636108398,2,-2.675097409348348,-2.9836113396894377,0.32370448970951854,22.870548291410934
1.3907842636108398,3,-5.644001950614097,6.025976903529435,0.3852206134580969,25.66249319601581
1.3907842636108398,4,-5.644001950614097,-5.964226999226191,0.3898415435112741,25.664911099636242
1.3907842636108398,5,-8.65738446228914,8.999065755767756,0.39801039742539474,28.727024700016088
1.3907842636108398,6,-8.635145476730832,-8.974949887477882,0.3657742785591832,28.70317026970344
1.3907842636108398,7,-11.570691540720102,-11.963092354073673,0.40349733030559065,31.95842377330835
1.7871084213256836,0,0.6051529269044398,-0.02557610192828569,0.6173537942401046,19.394863936768242
1.7871084213256836,1,-2.3748711067868022,3.0002004008005745,0.6418289356830497,22.575120364912493
1.7871084213256836,2,-2.352632121228493,-2.9836113396894377,0.6461697778293738,22.550878017791216
1.7871084213256836,3,-5.310417170776072,6.0109232891719655,0.7191448812866081,25.3297352946812
1.7871084213256836,4,-5.321536662494242,-5.971753806404925,0.7123946629637561,25.342405355148962
1.7871084213256836,5,-8.312680190025624,8.991538948589021,0.7427968358811823,28.382637067869794
1.7871084213256836,6,-8.301560696892807,-8.974949887477882,0.6993590583972086,28.37038535053686
1.7871084213256836,7,-11.259345746440385,-11.955565546894936,0.7149340918511309,31.649712895776364
2.11968731880188,0,0.9498571998752814,-0.04815652358418853,0.9627968593702572,19.05020366704533
2.11968731880188,1,-2.0301668345232837,2.9776199791446722,0.9872720001073918,22.230485183574633
2.11968731880188,2,-1.985688864113988,-2.9836113396894377,1.0131130349438786,22.187213692934705
2.11968731880188,3,-4.9323544198214275,5.988342867516062,1.0978813584069822,24.952870517623715
2.11968731880188,4,-4.910115434970441,-5.97928061358366,1.123884734877401,24.931019214010462
2.11968731880188,5,-7.901258961087176,8.984012141410284,1.1542869092092376,27.971709918968322
2.11968731880188,6,-7.87901997623619,-8.974949887477882,1.1218997790538254,27.948885163695266
2.11968731880188,7,-10.792327054667151,-11.955565546894936,1.1819527836243646,31.18854012824516
2.491884231567383,0,1.4724733544833057,-0.09331736689599421,1.4873606274918383,18.527761649246663
2.491884231567383,1,-1.4630727087986406,2.9475127501903367,1.5551647652195264,21.664517569420088
2.491884231567383,2,-1.4408337232403312,-2.9911381469878697,1.5580201622275656,21.648470111349805
2.491884231567383,3,-4.387499278947771,5.965762445860159,1.6432041985472159,24.40941966534787
2.491884231567383,4,-4.331901816112982,-5.9868074208820925,1.7021473411907846,24.35298760298912
2.491884231567383,5,-7.3452843284953495,8.961431719754382,1.7107198948667877,27.415539195819438
2.491884231567383,6,-7.334164835362533,-8.982476694656619,1.666806906335859,27.405962509855886
2.491884231567383,7,-10.314188869761098,-11.963092354073673,1.6601502080126191,30.717785280625492
2.823854684829712,0,1.983970016665837,-0.10837098137316181,1.99907875960433,18.016355919830165
2.823854684829712,1,-0.9293370603504769,2.924932328534434,2.0893778480493466,21.132732405258572
2.823854684829712,2,-0.8959785830739975,-2.9911381469878697,2.1028753023938993,21.10897506651266
2.823854684829712,3,-3.8648831243397463,5.9431820240845585,2.166307936351528,23.888271406123426
2.823854684829712,4,-3.775927182813832,-5.994334228060828,2.258172921266405,23.79718632627218
2.823854684829712,5,-6.833787665605495,8.946378105277214,2.2224380276862963,26.904284941464326
2.823854684829712,6,-6.822668172472679,-8.982476694656619,2.1783035692257133,26.895831307759117
2.823854684829712,7,-9.769333729594765,-11.963092354073673,2.205005348178953,30.180217302382914
3.1684317588806152,0,2.5621836362306194,-0.11589778855189706,2.5773413666234184,17.4382015080092
3.1684317588806152,1,-0.40672090574245257,2.9023519068785313,2.6124815858484918,20.612081523131707
3.1684317588806152,2,-0.3400039490675244,-2.998664954166605,2.658900883176778,20.559857785389212
3.1684317588806152,3,-3.3089084910405964,5.92812840972709,2.722486328755753,23.33354074609635
3.1684317588806152,4,-3.219952550222005,-5.994334228060828,2.814147553858232,23.24172024785195
3.1684317588806152,5,-6.288932524731838,8.931324490800046,2.7675010844469607,26.359779733121208
3.1684317588806152,6,-6.266693539173529,-8.990003501835353,2.7343291493013338,26.341968480320094
3.1684317588806152,7,-9.224478588721109,-11.970619161372104,2.749912475462639,29.644176555101307
3.4829354286193848,0,3.040321820429348,-0.10084417407472945,3.055716464739619,16.959977992381056
3.4829354286193848,1,0.03805880117979665,2.894825099699796,3.0573249746002498,20.170748840412625
3.4829354286193848,2,0.10477575714740173,-3.0061917613453404,3.103744271221314,20.12106201420219
3.4829354286193848,3,-2.841889799267361,5.913074795249921,3.1897475723598117,22.867735699071634
3.4829354286193848,4,-2.7529338570341233,-6.001861035239563,3.2812268968110354,22.774816804873375
3.4829354286193848,5,-5.81079434053311,8.931324490800046,3.2456392686456894,25.882950349178902
3.4829354286193848,6,-5.81079434053311,-8.997530309133786,3.190290476772298,25.88797465668576
3.4829354286193848,7,-8.757459896947871,-11.978145968550841,3.216991817000982,29.185157820521788
3.823915958404541,0,3.663013409696103,-0.08579055971725896,3.678589988537814,16.337211845107046
3.823915958404541,1,0.6385114048882423,2.894825099699796,3.6577775783086954,19.576701790048666
3.823915958404541,2,0.7385868388396499,-3.021245375822508,3.737734096521945,19.496921823350732
3.823915958404541,3,-2.230317702426099,5.905547988071186,3.8013659848206562,22.257242649466132
3.823915958404541,4,-2.1858397320168033,-6.001861035239563,3.8483210218283554,22.208281473533887
3.823915958404541,5,-5.154744273282552,8.938851298098479,3.901732511689366,25.229354010960712
3.823915958404541,6,-5.199222243691848,-9.00505711631252,3.8019088892331427,25.278865791934763
3.823915958404541,7,-8.101409828989992,-11.993199583028007,3.8732145710840493,28.541571022857283
4.191934585571289,0,4.274585506537365,-0.055683330762923776,4.29090271490411,15.725513079849877
4.191934585571289,1,1.3168004569897862,2.9098787141769633,4.336233656113028,18.90844624222618
4.191934585571289,2,1.3501589356809118,-3.0287721830012435,4.34935250898279,18.894179862086755
4.191934585571289,3,-1.5853871283083576,5.898021180772753,4.446340479091512,21.613497976888553
4.191934585571289,4,-1.5186701723407525,-6.009387842537995,4.515533037747166,21.54145952419425
4.191934585571289,5,-4.509813698457488,8.938851298098479,4.54666308651443,24.586380617920003
4.191934585571289,6,-4.532052684015797,-9.00505711631252,4.469078448909194,24.613855100958933
4.191934585571289,7,-7.523196210839855,-11.993199583028007,4.451428189234186,27.972457377505116
4.521205425262451,0,4.897277095096797,-0.033102909107020934,4.9140035814617065,15.102759183171768
4.521205425262451,1,1.9061335689800618,2.9174055213556986,4.9256148313421395,18.32755459409757
4.521205425262451,2,1.9394920462565413,-3.0362989902996755,4.938733682798899,18.31395804040529
4.521205425262451,3,-0.9626955390416025,5.898021180772753,5.0690320683582675,20.99164027846753
4.521205425262451,4,-0.9182175686323069,-6.01691464971673,5.116032814705124,20.9413056673785
4.521205425262451,5,-3.8871221098980557,8.946378105277214,5.169400163689842,23.96628862427145
4.521205425262451,6,-3.909361094749042,-9.00505711631252,5.091770038175949,23.99328660268898
4.521205425262451,7,-6.92274360713141,-12.000726390206744,5.051927966192144,27.383231872170334
4.819381475448608,0,5.453251728395947,-0.018049294629853333,5.470181973869171,14.546759469189421
4.819381475448608,1,2.5065861726885075,2.9324591358328664,5.52625610582224,17.73749824290062
4.819381475448608,2,2.5177056658213237,-3.0362989902996755,5.516947302363682,17.74400537492453
4.819381475448608,3,-0.3956014126096363,5.898021180772753,5.636126194790234,20.425349796272027
4.819381475448608,4,-0.35112344220034064,-6.024441457015163,5.683176889047564,20.374492382154383
4.819381475448608,5,-3.28666950618961,8.946378105277214,5.769852767398287,23.367870344111456
4.819381475448608,6,-3.3311474765989058,-9.00505711631252,5.669983656326085,23.417145355796105
4.819381475448608,7,-6.3556494806994435,-12.000726390206744,5.61902209262411,26.82587415125932
5.170216083526611,0,6.087062810795518,-0.01052248745111809,6.104037746895513,13.912941168332857
5.170216083526611,1,3.1403972543807557,2.9475127501903367,6.160245931120029,17.115315835608367
5.170216083526611,2,3.162636239939065,-3.043825797478411,6.161921796633141,17.110280356382486
5.170216083526611,3,0.23820966908261187,5.905547988071186,6.269981967110724,19.792073723830836
5.170216083526611,4,0.24932916150810502,-6.01691464971673,6.283676666007023,19.77512213303361
5.170216083526611,5,-2.675097409348348,8.95390491245595,6.3814711798591315,22.75912535512636
5.170216083526611,6,-2.675097409348348,-8.997530309133786,6.326076899368388,22.762912156825283
5.170216083526611,7,-5.710718906581702,-12.000726390206744,6.263952666741852,26.192524336592076
5.481299638748169,0,6.776471356029878,-0.0029956802723828456,6.793487378898071,13.223528983293324
5.481299638748169,1,3.840925292040609,2.9625663646675044,6.860935693323239,16.428405122910505
5.481299638748169,2,3.8631642775989183,-3.0362989902996755,6.862490268928227,16.420005441237052
5.481299638748169,3,0.9164987211841558,5.913074795249921,6.94831277949294,19.114429823023418
5.481299638748169,4,0.9720961847262677,-6.01691464971673,7.006443689225185,19.053282667541836
5.481299638748169,5,-1.9745693709811718,8.95390491245595,7.081999218226308,22.061265680984473
5.481299638748169,6,-1.9634498785556787,-8.997530309133786,7.037724430161058,22.054098437790095
5.481299638748169,7,-5.021310361347342,-12.000726390206744,6.953361211976212,25.51613678887496
5.846926689147949,0,7.476999393689732,0.004531127026049508,7.494055851194443,12.523001426046372
5.846926689147949,1,4.530333837982292,2.9776199791446722,7.55050857165174,15.753627896598205
5.846926689147949,2,4.50809485171666,-3.0287721830012435,7.507464763199084,15.785201489367502
5.846926689147949,3,1.6170267595513321,5.920601602428657,7.6488812524953085,18.41463564830245
5.846926689147949,4,1.672624222386121,-6.009387842537995,7.707012161520272,18.354128019069158
5.846926689147949,5,-1.2851608257468117,8.961431719754382,7.771448850230173,21.37534293921773
5.846926689147949,6,-1.2629218401885023,-8.997530309133786,7.738252468528234,21.356544020928887
5.846926689147949,7,-4.27630435257087,-11.993199583028007,7.6984052415069195,24.784491019478338
6.1670448780059814,0,8.155288445791275,0.004531127026049508,8.172344903295986,11.844712420887127
6.1670448780059814,1,5.186383904525527,2.985146786323407,8.206601813986767,15.11139712799572
6.1670448780059814,2,5.197503397658343,-3.021245375822508,8.196914395908923,15.107674516061868
6.1670448780059814,3,2.2508378419509034,5.935655216905824,8.282871078503064,17.78104572656012
6.1670448780059814,4,2.284196319227383,-6.001861035239563,8.318630573982588,17.74389983765265
6.1670448780059814,5,-0.6624692364800566,8.961431719754382,8.394140439496928,20.755357123878724
6.1670448780059814,6,-0.5401548176776627,-8.997530309133786,8.461019491039075,20.63705616773078
6.1670448780059814,7,-3.5757763149110167,-12.000726390206744,8.398973713802006,24.10030068858954
6.582033157348633,0,8.978130902960846,0.004531127026049508,8.995187360465557,11.021870028419807
6.582033157348633,1,5.998106869269604,2.985146786323407,9.018324778730843,14.316567765365134
6.582033157348633,2,6.0425848396788995,-3.0061917613453404,9.042129903904588,14.27748671382824
6.582033157348633,3,3.0736802984131506,5.9507088313829914,9.105851223746953,16.9588121811896
6.582033157348633,4,3.1181582695297694,-6.001861035239563,9.152592524284975,16.91132347291658
6.582033157348633,5,0.1937316986733162,8.968958526933116,9.25037445784928,19.903895641429614
6.582033157348633,6,0.26044865464092126,-9.00505711631252,9.261658343902761,19.84112248225243
6.582033157348633,7,-2.786292335725249,-12.000726390206744,9.188457692987773,23.328574385050654
6.911557912826538,0,9.756495390428444,-0.0029956802723828456,9.773588239305507,10.24350504761012
6.911557912826538,1,6.776471356029878,2.9776199791446722,9.796725656862344,13.554627642915898
6.911557912826538,2,6.765351862897062,-2.9911381469878697,9.76505367661985,13.568449385515216
6.911557912826538,3,3.8742837707317346,5.965762445860159,9.906596208868558,16.15884807853824
6.911557912826538,4,3.896522755582721,-5.994334228060828,9.930993401709186,16.134848713462272
6.911557912826538,5,0.9387377067424652,8.968958526933116,9.995380465918428,19.16268556056651
6.911557912826538,6,0.9943351702845771,-9.00505711631252,9.995544859546417,19.111136796620894
6.911557912826538,7,-2.0190473413904675,-12.000726390206744,9.955702687322555,22.579763290435636
7.242393255233765,0,10.356947994136888,-0.0029956802723828456,10.374040843013951,9.643052471177416
7.242393255233765,1,7.365804467312831,2.9776199791446722,10.386058768145297,12.980335800678423
7.242393255233765,2,7.42140193014762,-2.9911381469878697,10.421103743870407,12.929347888322134
7.242393255233765,3,4.48585586615835,5.973289253038894,10.518214619914865,15.5480803690854
7.242393255233765,4,4.50809485171666,-5.994334228060828,10.542565497843125,15.524512513063264
7.242393255233765,5,1.5391903104509108,8.976485334111851,10.595880242876387,18.566313276192144
7.242393255233765,6,1.6615047299606278,-9.00505711631252,10.662714419222468,18.44778205663033
7.242393255233765,7,-1.3407582892889236,-12.008253197385478,10.63403349970477,21.920551189488275
7.606551885604858,0,11.124192987057025,-0.0029956802723828456,11.141285835934088,8.875807518480107
7.606551885604858,1,8.144168953365782,2.9776199791446722,11.164423254198248,12.224031681345455
7.606551885604858,2,8.177527431349585,-2.9836113396894377,11.17726670672698,12.193145380205017
7.606551885604858,3,5.241981368067639,5.988342867516062,11.274489957306216,14.792652368462134
7.606551885604858,4,5.286459339184257,-5.994334228060828,11.320929985310723,14.747869080729194
7.606551885604858,5,2.350913275194988,8.984012141410284,11.407638103522665,17.76025243055267
7.606551885604858,6,2.4621082015718887,-8.997530309133786,11.463353271378862,17.651282561595355
7.606551885604858,7,-0.5623938032359721,-12.000726390206744,11.412434377128982,21.16174150085638
7.955029249191284,0,11.924796458668286,0.004531127026049508,11.941924688091607,8.075204812575862
7.955029249191284,1,8.922533440126056,2.9776199791446722,11.942787740958522,11.470679409927165
7.955029249191284,2,8.989250396093663,-2.9836113396894377,11.988989671471058,11.4078281660554
7.955029249191284,3,6.020345854827913,5.995869674694798,12.052890835437717,14.015670077767409
7.955029249191284,4,6.098182303221011,-5.9868074208820925,12.132687845248599,13.938690558185765
7.955029249191284,5,3.1181582695297694,8.991538948589021,12.174920016614642,16.998906070579753
7.955029249191284,6,3.2627116738904727,-8.997530309133786,12.263956743697445,16.856065609958645
7.955029249191284,7,0.26044865464092126,-12.000726390206744,12.235276835005875,20.363132169334303
8.319664716720581,0,12.62532449703546,0.012057934204784753,12.642493161093974,7.374685360596923
8.319664716720581,1,9.623061478493234,2.9926735935021425,12.643477503866324,10.799858717426634
8.319664716720581,2,9.656419955769714,-2.9760845325107024,12.656201687388519,10.763211754678455
8.319664716720581,3,6.698634906929457,6.0109232891719655,12.73134691324205,13.338087796946681
8.319664716720581,4,6.787590847748048,-5.97928061358366,12.822137476545183,13.251778132474044
8.319664716720581,5,3.78532782920582,8.991538948589021,12.842089576290693,16.33651801915189
8.319664716720581,6,3.896522755582721,-8.997530309133786,12.897767825389693,16.226894548784532
8.319664716720581,7,0.8609012583493669,-11.993199583028007,12.835776611963833,19.77971543573375
8.624839305877686,0,13.359211012679118,0.019584741383519996,13.376418273533856,6.640817866514437
8.624839305877686,1,10.356947994136888,3.00772720797931,13.377518394520523,10.101231357879078
8.624839305877686,2,10.390306471413368,-2.9760845325107024,13.390088203032173,10.059984535674458
8.624839305877686,3,7.454760408838745,6.0184500963507,13.487509876804719,12.583579642255767
8.624839305877686,4,7.5325968565245205,-5.97928061358366,13.567143485321655,12.509117043490656
8.624839305877686,5,4.541453330407785,8.999065755767756,13.598252539146074,15.587268170909354
8.624839305877686,6,4.652648256784686,-8.990003501835353,13.653930788246265,15.475830170536607
8.624839305877686,7,1.6059072664185159,-11.993199583028007,13.580782620032982,19.05976625165026
8.96469235420227,0,14.137575500146715,0.02711154868195235,14.154819152373804,5.862487189969115
8.96469235420227,1,11.190909943024629,3.030307629635213,14.211785982069504,9.315730350441006
8.96469235420227,2,11.146431972615334,-2.9685577253319675,14.146251165887556,9.337987030626897
8.96469235420227,3,8.266483372875499,6.033503710827867,14.299372415448694,11.773254754569386
8.96469235420227,4,8.344319821268599,-5.97928061358366,14.378866450065733,11.700288393654159
8.96469235420227,5,5.353176295151862,9.006592563066187,14.410010399792352,14.783634815398203
8.96469235420227,6,5.453251728395947,-8.997530309133786,14.454569640403784,14.683256199267367
8.96469235420227,7,2.4065107387371,-11.978145968550841,14.381527605154588,18.284222752700536
9.28635287284851,0,14.749147596280654,0.02711154868195235,14.766391248507743,5.250922395324194
9.28635287284851,1,11.835840518557017,3.0453612441123803,14.856892220270131,8.713651653903607
9.28635287284851,2,11.813601532998707,-2.9685577253319675,14.813420726270929,8.708010957110082
9.28635287284851,3,8.91141394699324,6.041030518006603,14.944346909718154,11.12997588148019
9.28635287284851,4,8.989250396093663,-5.9868074208820925,15.023840945043863,11.057267566731989
9.28635287284851,5,5.998106869269604,9.006592563066187,15.054940973910092,14.144943441334348
9.28635287284851,6,6.098182303221011,-8.997530309133786,15.099500215228849,14.044595494722714
9.28635287284851,7,3.0514413135621643,-11.978145968550841,15.026458179979652,17.66452883129993
9.607998609542847,0,15.560870561024732,0.02711154868195235,15.57811421325182,4.439212228768614
9.607998609542847,1,12.62532449703546,3.0528880512911156,15.64641207758878,7.981601607931916
9.607998609542847,2,12.603085511477152,-2.9685577253319675,15.602904704749374,7.97036253373379
9.607998609542847,3,9.689778434460838,6.041030518006603,15.722711397185751,10.354723134777844
9.607998609542847,4,9.767614882146614,-5.994334228060828,15.802241822468073,10.281686089592382
9.607998609542847,5,6.776471356029878,9.006592563066187,15.833305460670367,13.374906486104896
9.607998609542847,6,6.86542729684847,-9.00505711631252,15.866782127613536,13.286732259440196
9.607998609542847,7,3.829805799615116,-11.970619161372104,15.804859057403863,16.91692156763637
9.929768323898315,0,16.27251809111008,0.02711154868195235,16.289761743337166,3.727580504452396
9.929768323898315,1,13.392569491370242,3.0528880512911156,16.41365707192356,7.278616858997825
9.929768323898315,2,13.348091520253625,-2.9685577253319675,16.34791071352585,7.284244737208507
9.929768323898315,3,10.390306471413368,6.048557325185338,16.423279868773555,9.656679184731068
9.929768323898315,4,10.479262412939283,-6.001861035239563,16.51392915614039,9.572916253401768
9.929768323898315,5,7.476999393689732,9.014119370244922,16.533873932965452,12.683935549475295
9.929768323898315,6,7.599313812492126,-9.00505711631252,16.600668643257194,12.56173841316257
9.929768323898315,7,4.574811807684265,-11.970619161372104,16.549865065473014,16.206279203313645
10.24486780166626,0,16.950807143918944,0.02711154868195235,16.96805079614603,3.049313383312329
10.24486780166626,1,14.07085854417911,3.0528880512911156,17.091946124732427,6.668946232865424
10.24486780166626,2,14.037500065487984,-2.9685577253319675,17.037319258760206,6.660611115932523
10.24486780166626,3,11.101954002206039,6.048557325185338,17.134927399566227,8.948768951219805
10.24486780166626,4,11.146431972615334,-6.009387842537995,17.1811411720592,8.908814694561759
10.24486780166626,5,8.188646924482402,9.021646177423658,17.24556126663777,11.983117905671742
10.24486780166626,6,8.310961343284795,-9.00505711631252,17.31231617404986,11.85975879846879
10.24486780166626,7,5.297578830902427,-11.978145968550841,17.272671279252304,15.522342784442284
10.58715295791626,0,17.673574166429784,0.02711154868195235,17.69081781865687,2.326583803600207
10.58715295791626,1,14.79362556668995,3.0528880512911156,17.814713147243268,6.0354337204165045
10.58715295791626,2,14.760267089413471,-2.9760845325107024,17.76012547324678,6.02593396237737
10.58715295791626,3,11.84696001098251,6.048557325185338,17.879933408342698,8.20836793924205
10.58715295791626,4,11.85807950270068,-6.01691464971673,17.89282850502423,8.201056406968824
10.58715295791626,5,8.922533440126056,9.021646177423658,17.979447782281422,11.260431548205299
10.58715295791626,6,9.06708684448676,-8.997530309133786,18.068479136905243,11.113897489265527
10.58715295791626,7,6.020345854827913,-11.978145968550841,17.99543830317779,14.839564255827263
10.900075912475586,0,18.407460682780762,0.02711154868195235,18.42470433500785,1.592770075359608
10.900075912475586,1,15.527512082333605,3.0453612441123803,18.54863825968315,5.410856982106771
10.900075912475586,2,15.48303411192431,-2.9760845325107024,18.482892495757618,5.409256878600687
10.900075912475586,3,12.569727034200673,6.041030518006603,18.602739622121987,7.491900881197175
10.900075912475586,4,12.580846526626166,-6.024441457015163,18.61563471951205,7.483017622073713
10.900075912475586,5,9.700897926179008,9.021646177423658,18.757812268334376,10.495644658317827
10.900075912475586,6,9.80097336083774,-8.997530309133786,18.802365653256224,10.392799032130352
10.900075912475586,7,6.776471356029878,-11.978145968550841,18.751563804379753,14.129531028385099
11.212981939315796,0,19.374856544311037,0.02711154868195235,19.392100196538124,0.6257310734354439
11.212981939315796,1,16.461549465880076,3.0378344368139483,19.4827059695899,4.66358984559173
11.212981939315796,2,16.461549465880076,-2.9836113396894377,19.46143679764358,4.628452096407284
11.212981939315796,3,13.548242388156439,6.033503710827867,19.58128392400795,6.523748259931926
11.212981939315796,4,13.526003403305452,-6.01691464971673,19.560821565782277,6.548212637044873
11.212981939315796,5,10.668293788416605,9.014119370244922,19.725237411226956,9.546591939372915
11.212981939315796,6,10.757249729942519,-8.997530309133786,19.758642022361002,9.45613874108009
11.212981939315796,7,7.710508739576349,-11.978145968550841,19.685601187926224,13.259469549127079
11.520049333572388,0,20.208818494613425,0.03463835586068759,20.22609611222265,0.2116718672600319
11.520049333572388,1,17.28439192375697,3.030307629635213,20.305582851821498,4.069065194117901
11.520049333572388,2,17.295511416182464,-2.9911381469878697,20.295432713329184,4.032513597542532
11.520049333572388,3,14.37108484532601,6.025976903529435,20.404160805533348,5.712565694237276
11.520049333572388,4,14.359965352193193,-6.01691464971673,20.394783514670017,5.725071845348566
11.520049333572388,5,11.491136245586176,9.006592563066187,20.54811429275126,8.742263786075654
11.520049333572388,6,11.568972693979273,-8.997530309133786,20.570364986397756,8.664430089208132
11.520049333572388,7,8.522231704320426,-11.978145968550841,20.497324152670302,12.510839393642065
11.811475038528442,0,21.05389993663398,0.02711154868195235,21.071211072730296,1.0542486009044727
11.811475038528442,1,18.096114887793725,3.015254015158045,21.117445390465473,3.5660251396207814
11.811475038528442,2,18.118353873352035,-2.9911381469878697,21.118275170498755,3.5337656346021755
11.811475038528442,3,15.17168831693727,6.0109232891719655,21.204905789945506,4.928576513426818
11.811475038528442,4,15.149449332086284,-6.024441457015163,21.18430337340439,4.947681906993303
11.811475038528442,5,12.302859210330253,8.999065755767756,21.35987215339754,7.9524989928877785
11.811475038528442,6,12.313978702755746,-8.997530309133786,21.315370995174227,7.941350685972782
11.811475038528442,7,9.322835175931687,-11.978145968550841,21.297927624281563,11.78065303642038
12.125025272369385,0,21.832264423394253,0.02711154868195235,21.84957555949057,1.8324649937470046
12.125025272369385,1,18.85224038899569,3.015254015158045,21.873570891667438,3.2263150652996493
12.125025272369385,2,18.896718359404986,-2.9911381469878697,21.896639656551706,3.1881244945641716
12.125025272369385,3,15.938933311272052,6.0109232891719655,21.972150784280288,4.179776954599155
12.125025272369385,4,15.983411281681349,-6.024441457015163,22.018265322999454,4.133364174968782
12.125025272369385,5,13.058984711532219,8.999065755767756,22.115997654599504,7.223154236940174
12.125025272369385,6,13.125701667499822,-8.997530309133786,22.127093959918305,7.158638480893057
12.125025272369385,7,10.06784118470816,-11.985672775729576,22.042971653812273,11.113267375476505
12.454359531402588,0,22.53279246176143,0.019584741383519996,22.550144032494227,2.5328681798409076
12.454359531402588,1,19.54164893493737,3.015254015158045,22.56297943760912,3.0498922070740075
12.454359531402588,2,19.59724639777216,-2.9836113396894377,22.59720812955536,3.010672199099547
12.454359531402588,3,16.628341856506413,6.003396481873533,22.661600416284152,3.5158636505030554
12.454359531402588,4,16.717297798032327,-6.024441457015163,22.752151839350432,3.4245946063138786
12.454359531402588,5,13.748393256059256,8.999065755767756,22.80540619912654,6.563448085935373
12.454359531402588,6,13.826229704452352,-8.990003501835353,22.827662431507395,6.486567166036552
12.454359531402588,7,10.779488714793505,-11.993199583028007,22.75465898677857,10.48569837619657
12.802680015563965,0,23.244439991846775,0.012057934204784753,23.261831365459255,3.244462398375421
12.802680015563965,1,20.242176971889904,3.015254015158045,23.263507474561653,3.024963877741431
12.802680015563965,2,20.29777443613934,-2.9760845325107024,23.29777660255773,2.990944459442125
12.802680015563965,3,17.373347865282884,6.0109232891719655,23.406644445816067,2.8067016543830205
12.802680015563965,4,17.428945328117674,-6.01691464971673,23.46383917231673,2.752594945092633
12.802680015563965,5,14.44892129442643,8.999065755767756,23.505934237493715,5.900062600630238
12.802680015563965,6,14.58235520636164,-8.990003501835353,23.583787933416684,5.771567295575249
12.802680015563965,7,11.50225573801167,-12.008253197385478,23.47758275949383,9.863785157396599
13.117228031158447,0,24.10064092700015,0.004531127026049508,24.118065383811608,3.4969173908053977
13.117228031158447,1,21.05389993663398,3.015254015158045,24.075230439305727,2.985713357505317
13.117228031158447,2,21.0983779077506,-2.9685577253319675,24.09841545471412,2.9498884144208106
13.117228031158447,3,18.173951336894145,6.0109232891719655,24.207247917427328,2.0767104901581934
13.117228031158447,4,18.229548799728935,-6.01691464971673,24.264442643927993,2.025081296758931
13.117228031158447,5,15.260644258463184,8.999065755767756,24.31765720153047,5.14371040599306
13.117228031158447,6,15.360719693121915,-8.982476694656619,24.362188811548183,5.045110069229754
13.117228031158447,7,12.291739717197437,-12.015780004683911,24.267102617520912,9.196484417581448
13.45199465751648,0,24.834527443351128,0.004531127026049508,24.851951900162586,3.165475799624643
13.45199465751648,1,21.78778645298496,3.022780822456478,24.809155552454126,2.2631011733928688
13.45199465751648,2,21.887861886936367,-2.961030918033535,24.887935312741202,2.1798199650365118
13.45199465751648,3,18.896718359404986,6.0109232891719655,24.930014939938168,1.4817230235021759
13.45199465751648,4,18.974554808505406,-6.01691464971673,25.009448652704464,1.4205613843480906
13.45199465751648,5,16.00565026723966,8.999065755767756,25.062663210306944,4.466664715812674
13.45199465751648,6,16.139084179174866,-8.982476694656619,25.140553297601134,4.3401480182540375
13.45199465751648,7,13.036745725973908,-12.023306811862644,25.01214664705162,8.586065537302186
13.78300952911377,0,25.434980047059575,0.004531127026049508,25.452404503871033,2.565023955072277
13.78300952911377,1,22.421597534677208,3.015254015158045,25.443011324774616,1.6511611103576374
13.78300952911377,2,22.53279246176143,-2.961030918033535,25.532865887566267,1.563069298393342
13.78300952911377,3,19.530529441804557,6.0109232891719655,25.56382602233774,1.0948403285021722
13.78300952911377,4,19.586126905346667,-6.01691464971673,25.621020749545725,1.0666525884370721
13.78300952911377,5,16.61722236408092,8.999065755767756,25.674235307148205,3.929306354810934
13.78300952911377,6,16.739536782883313,-8.982476694656619,25.74100590130958,3.8158661185931995
13.78300952911377,7,13.681676300091649,-12.030833619161077,25.657121141322474,8.076540180083605
14.09700345993042,0,26.313419967771257,0.012057934204784753,26.330876670263486,1.6866231348140568
14.09700345993042,1,23.388993396207482,3.015254015158045,26.41040718630489,0.7799408565387915
14.09700345993042,2,23.433471366616775,-2.961030918033535,26.43354479242161,0.7819478011727116
14.09700345993042,3,20.453447332925535,6.0109232891719655,26.486743913458717,1.0880658176965603
14.09700345993042,4,20.475686318483845,-6.024441457015163,26.510612005308207,1.0853533730464986
14.09700345993042,5,17.495662284085277,8.999065755767756,26.552675227152562,3.2043675337320905
14.09700345993042,6,17.651335181578798,-8.982476694656619,26.652804300005066,3.07350618579923
14.09700345993042,7,14.58235520636164,-12.030833619161077,26.557800047592465,7.393251112583568
14.42901349067688,0,27.058425975840407,0.012057934204784753,27.075882678332636,0.9416512288259258
14.42901349067688,1,24.167357882967757,3.015254015158045,27.188771673065165,0.5128229039462318
14.42901349067688,2,24.167357882967757,-2.9685577253319675,27.16746990557001,0.5571710260734866
14.42901349067688,3,21.198453340994682,6.0109232891719655,27.231749921527864,1.5538864663944143
14.42901349067688,4,21.220692326552992,-6.024441457015163,27.255618013377354,1.562627347417181
14.42901349067688,5,18.285146263271045,8.999065755767756,27.34215920633833,2.633816097273416
14.42901349067688,6,18.362982711664145,-8.990003501835353,27.364491632970097,2.576808013730834
14.42901349067688,7,15.30512222887248,-12.023306811862644,27.280606260665717,6.8757173161738505
14.740773916244507,0,27.870148940584482,0.019584741383519996,27.887640538977802,0.1313196852204261
14.740773916244507,1,25.001319832562817,3.015254015158045,28.022733622660226,1.1124837423099834
14.740773916244507,2,24.967961355286338,-2.9760845325107024,27.968108758433694,1.1006528073840058
14.740773916244507,3,22.05465427685538,6.0109232891719655,28.087950857388563,2.2803238667572003
14.740773916244507,4,22.021295798871577,-6.01691464971673,28.056256866242165,2.247686257571876
14.740773916244507,5,19.119108213573433,8.991538948589021,28.176155122022855,2.1776587710522626
14.740773916244507,6,19.19694466196653,-8.990003501835353,28.19845358327248,2.1459291258708943
14.740773916244507,7,16.15020367160036,-12.015780004683911,28.12572122188066,6.322893390335338
15.052012205123901,0,28.81530581726377,0.019584741383519996,28.83279741565709,0.815541009244295
15.052012205123901,1,25.913118231258302,3.015254015158045,28.93453202135571,1.9735754448698666
15.052012205123901,2,25.890879245699992,-2.9911381469878697,28.891149409626486,1.958153392170774
15.052012205123901,3,22.96645267484354,6.0184500963507,28.99978032137845,2.7222804706985873
15.052012205123901,4,22.955333182418048,-6.009387842537995,28.99032457614795,2.718153068543841
15.052012205123901,5,19.99754813357779,8.991538948589021,29.054595042027213,1.9915404578858085
15.052012205123901,6,20.086504075103704,-8.990003501835353,29.088012996409656,1.991882750647366
15.052012205123901,7,17.095360548279647,-12.008253197385478,29.070908068150885,5.78960537805576
15.384021282196045,0,29.638148273726017,0.012057934204784753,29.6556742964741,1.6381926506027358
15.384021282196045,1,26.713721703576887,3.015254015158045,29.735135493674296,2.756676287539877
15.384021282196045,2,26.70260221044407,-2.9911381469878697,29.702872374370564,2.7500907427479753
15.384021282196045,3,23.811534118278743,6.0109232891719655,29.84489528330069,2.51798632893015
15.384021282196045,4,23.822653609996912,-6.001861035239563,29.85767766279934,2.5081388282344155
15.384021282196045,5,20.86486856115666,8.991538948589021,29.92191546960608,2.1712266145716463
15.384021282196045,6,20.99830247309187,-8.990003501835353,29.99981139439782,2.2263696380202256
15.384021282196045,7,18.08499539536823,-11.993199583028007,30.060657401001013,5.347829906767037
15.78891658782959,0,30.572185657979812,0.004531127026049508,30.58974200708719,2.572189648962371
15.78891658782959,1,27.63663959399054,3.015254015158045,30.65805338408795,3.037068909422714
15.78891658782959,2,27.681117564399838,-2.9911381469878697,30.68138772832633,3.0080880010565383
15.78891658782959,3,24.734452008692397,6.0109232891719655,30.767813173714345,2.6161336963501043
15.78891658782959,4,24.767810487383525,-5.994334228060828,30.802864509775915,2.6098345131084333
15.78891658782959,5,21.84338391652707,8.991538948589021,30.900430824976493,2.6318145214125623
15.78891658782959,6,21.854503408952564,-8.990003501835353,30.856012330258515,2.6235939180188814
15.78891658782959,7,18.907837852537803,-11.985672775729576,30.883534282526412,5.10389568692389
16.115227222442627,0,31.383908622723887,-0.01052248745111809,31.401604546438364,3.383924982869335
16.115227222442627,1,28.47060154429293,3.015254015158045,31.492015334390338,3.051757295300136
16.115227222442627,2,28.47060154429293,-2.9911381469878697,31.470871708219423,3.0279321702866655
16.115227222442627,3,25.523935987878165,6.003396481873533,31.557333031741425,2.669103138596733
16.115227222442627,4,25.568413958994785,-5.9868074208820925,31.60350336193231,2.6342304145975937
16.115227222442627,5,22.655106880563824,8.991538948589021,31.712153789013247,2.0209384568389717
16.115227222442627,6,22.655106880563824,-8.990003501835353,31.656615801869776,2.0220847972269267
16.115227222442627,7,19.69732183243089,-11.985672775729576,31.6730182624195,4.551951560618796
16.4580717086792,0,32.16227310877684,-0.018049294629853333,32.180005423862575,4.162312243102797
16.4580717086792,1,29.237846537920387,3.015254015158045,32.259260328017795,3.259451000915369
16.4580717086792,2,29.260085523478697,-2.9836113396894377,32.260391566246504,3.238788686037418
16.4580717086792,3,26.313419967771257,6.003396481873533,32.34681701163451,1.959022913968788
16.4580717086792,4,26.324539459489426,-5.994334228060828,32.3596663240804,1.9541063603749913
16.4580717086792,5,23.444590859749592,8.999065755767756,32.50167364703918,1.600400861841406
16.4580717086792,6,23.466829845307903,-8.990003501835353,32.468338766613854,1.6013618698857202
16.4580717086792,7,20.453447332925535,-11.978145968550841,32.42918122456759,3.8422586228253954
16.78934955596924,0,32.91839860997881,-0.02557610192828569,32.93616838671915,4.918465108510105
16.78934955596924,1,29.982852545989537,3.015254015158045,33.00426633608694,3.6088032635575886
16.78934955596924,2,29.96061356113855,-2.9836113396894377,32.96091960390636,3.570145958142859
16.78934955596924,3,26.9917090198728,6.003396481873533,33.02510606373606,1.4176985832495992
16.78934955596924,4,27.025067497856604,-5.994334228060828,33.060194362447575,1.4006630674739708
16.78934955596924,5,24.189596868526063,9.006592563066187,33.2467176765711,1.5053945480318807
16.78934955596924,6,24.189596868526063,-8.990003501835353,33.191105789832015,1.521852948554618
16.78934955596924,7,21.2874092825206,-11.985672775729576,33.26317713954482,3.092793558758721
17.139341831207275,0,33.69676309603176,-0.033102909107020934,33.714569264143364,5.696859272871387
17.139341831207275,1,30.761217032749812,3.00772720797931,33.78266721421844,4.082982054769123
17.139341831207275,2,30.75009754032432,-2.9760845325107024,33.7504394619323,4.052174185045272
17.139341831207275,3,27.77007350592575,6.003396481873533,33.80347054978901,1.0227828533072538
17.139341831207275,4,27.80343198461688,-6.001861035239563,33.838595240579075,1.0173103644634196
17.139341831207275,5,24.97908084700451,9.006592563066187,34.03620165504955,1.7857393644259205
17.139341831207275,6,25.001319832562817,-8.990003501835353,34.00282875386877,1.8118307955085442
17.139341831207275,7,22.03241529129707,-11.993199583028007,34.00822116907674,2.4700272429017067
17.47351574897766,0,34.43064961238274,-0.02557610192828569,34.44849437729053,6.430700473061087
17.47351574897766,1,31.506223041526283,3.0002004008005745,34.52771124374915,4.614629179240056
17.47351574897766,2,31.528462027084593,-2.9760845325107024,34.52880394869258,4.615963975295665
17.47351574897766,3,28.492840529143916,6.0109232891719655,34.52627676356955,1.1050631326169822
17.47351574897766,4,28.60403545622814,-6.001861035239563,34.639198712190336,1.166679144132513
17.47351574897766,5,25.63513091496239,9.014119370244922,34.69229489879913,2.2094104088980586
17.47351574897766,6,25.701847870929996,-8.990003501835353,34.70335679223595,2.2751649611090743
17.47351574897766,7,22.788540792499035,-12.000726390206744,34.76438413193212,1.9286817025372098
17.807565450668335,0,35.13117765004259,-0.018049294629853333,35.1490628495869,7.131200491747765
17.807565450668335,1,32.19563158676064,3.0002004008005745,35.21711978898351,5.157957624562996
17.807565450668335,2,32.251229050302754,-2.9760845325107024,35.25157097191074,5.189414955733209
17.807565450668335,3,29.24896603034588,6.0109232891719655,35.28240226477151,1.593169446374223
17.807565450668335,4,29.315682986313483,-6.001861035239563,35.35084624227568,1.651454847535288
17.807565450668335,5,26.33565895191492,9.014119370244922,35.39282293575167,2.612796961483373
17.807565450668335,6,26.369017430606046,-8.997530309133786,35.370568808154765,2.578804272831698
17.807565450668335,7,23.466829845307903,-12.000726390206744,35.44267318474098,1.5926236567743675
18.159379720687866,0,35.787227718000466,-0.01052248745111809,35.80515609333648,7.7872348272501
18.159379720687866,1,32.82944266845289,3.0002004008005745,35.85093087067576,5.685483174967394
18.159379720687866,2,32.87392063956951,-2.9760845325107024,35.874262561177495,5.710707622131528
18.159379720687866,3,29.90501609830376,6.0109232891719655,35.9384523327294,2.1464759664852737
18.159379720687866,4,29.93837457558024,-6.001861035239563,35.97353783154244,2.1802700264483104
18.159379720687866,5,26.96947003431449,9.014119370244922,36.02663401815124,2.262447534810825
18.159379720687866,6,26.980589527447307,-8.997530309133786,35.98214090499603,2.2426156709205043
18.159379720687866,7,24.056162956590853,-12.008253197385478,36.03205435926283,1.5092985076241696
18.51201295852661,0,36.376560828576096,-0.0029956802723828456,36.39453726715106,8.37656136424343
18.51201295852661,1,33.36317831619373,3.00772720797931,36.38471958776862,6.14899216204653
18.51201295852661,2,33.44101476458683,-2.9760845325107024,36.441356686194815,6.201751431096005
18.51201295852661,3,30.44987123776277,6.0184500963507,36.48335945859692,2.639187241362621
18.51201295852661,4,30.4832297164539,-6.001861035239563,36.518392972416095,2.6763241989065425
18.51201295852661,5,27.50320568205533,9.006592563066187,36.5604227352441,2.067176409621259
18.51201295852661,6,27.492086189629838,-8.997530309133786,36.49363756717856,2.061092859303738
18.51201295852661,7,24.589898604331694,-12.008253197385478,36.56579000700367,1.6195085892998529
18.80587339401245,0,36.977013432284544,0.012057934204784753,36.99517854163116,8.97702153039606
18.80587339401245,1,33.9302724426257,3.015254015158045,36.951863662109474,6.652810535382208
18.80587339401245,2,34.0303478765771,-2.9685577253319675,37.03073786142392,6.721415809274567
18.80587339401245,3,31.039204349753046,6.025976903529435,37.07274063382603,3.191470518744602
18.80587339401245,4,31.061443334604032,-6.009387842537995,37.096655578022215,3.2177239995846416
18.80587339401245,5,28.05918031535448,9.006592563066187,37.116397368543254,2.0074650741365305
18.80587339401245,6,28.05918031535448,-8.990003501835353,37.06078164081374,1.9908832831289798
18.80587339401245,7,25.123634252072534,-12.008253197385478,37.09952565474451,1.8807928221508405
19.194731950759888,0,37.432912631632284,0.012057934204784753,37.4510777409789,9.43292033835679
19.194731950759888,1,34.397291134398934,3.030307629635213,37.41912490571353,7.078707381187937
19.194731950759888,2,34.475127582792034,-2.9685577253319675,37.47551756763885,7.123174305186018
19.194731950759888,3,31.49510354910079,6.041030518006603,37.5288882977187,3.6242752773943128
19.194731950759888,4,31.49510354910079,-6.009387842537995,37.53031579251898,3.632775972372707
19.194731950759888,5,28.50396002156941,9.006592563066187,37.56117707475818,2.0689102004419544
19.194731950759888,6,28.50396002156941,-8.990003501835353,37.50556134702866,2.0528247954117296
19.194731950759888,7,25.55729446586197,-12.008253197385478,37.53318586853395,2.167946899909643
19.51772427558899,0,37.78873639702862,0.019584741383519996,37.806981105457425,9.788755989021686
19.51772427558899,1,34.76423439222076,3.0453612441123803,37.786376816218734,7.418159611389055
19.51772427558899,2,34.830951348188364,-2.9685577253319675,37.83134133303518,7.448102529500016
19.51772427558899,3,31.828688328938814,6.048557325185338,37.86255798193633,3.9451359271399973
19.51772427558899,4,31.862046806922617,-6.001861035239563,37.897336237847306,3.9889455914858276
19.51772427558899,5,28.87090328009856,9.006592563066187,37.928120333287325,2.187438281972536
19.51772427558899,6,28.87090328009856,-8.982476694656619,37.872581793061705,2.165337472114465
19.51772427558899,7,25.913118231258302,-12.000726390206744,37.88908923301247,2.4315018126737757
19.862870931625366,0,38.14456016242496,0.02711154868195235,38.16288446993848,10.144596390450014
19.862870931625366,1,35.1089386651916,3.067941665768284,38.13181988134889,7.742691716064461
19.862870931625366,2,35.14229714246808,-2.961030918033535,38.14277809458362,7.731759991674485
19.862870931625366,3,32.15115361564402,6.063610939662505,38.18537445059723,4.255455417813017
19.862870931625366,4,32.18451209433515,-5.994334228060828,38.21988935659265,4.303661825990413
19.862870931625366,5,29.204488059936583,9.014119370244922,38.26179001750495,2.3467995918112807
19.862870931625366,6,29.204488059936583,-8.974949887477882,38.20625147727933,2.3132700976277483
19.862870931625366,7,26.246703011803653,-11.985672775729576,38.223013501552984,2.69349178944203
20.193037033081055,0,38.41142798629538,0.02711154868195235,38.4297522938089,10.411463285719572
20.193037033081055,1,35.39804547391301,3.0905220875438832,38.421807160891696,8.017630797665937
20.193037033081055,2,35.42028445947132,-2.9535041108547997,38.42086729113927,7.986476569320651
20.193037033081055,3,32.41802143951445,6.0786645541396735,38.452666513192,4.513066855676742
20.193037033081055,4,32.45137991820557,-5.994334228060828,38.48675718046307,4.5635673349972405
20.193037033081055,5,29.46023639138151,9.021646177423658,38.51764908391294,2.4938611800592643
20.193037033081055,6,29.48247537693982,-8.96742308017945,38.48434067383822,2.463429889332282
20.193037033081055,7,26.524690328099567,-11.978145968550841,38.50110269740156,2.9255728938350867
20.533877849578857,0,38.65605682460749,0.02711154868195235,38.67438113212101,10.656091313672935
20.533877849578857,1,35.64267431293244,3.0980488946029214,38.66655176594868,8.246719202622808
20.533877849578857,2,35.64267431293244,-2.945977303676064,38.64338448092191,8.1908029476561
20.533877849578857,3,32.662650278533874,6.086191361318408,38.69741111825266,4.751352843984661
20.533877849578857,4,32.69600875651768,-5.994334228060828,38.73138601877518,4.802484969902635
20.533877849578857,5,29.704865229693624,9.036699791900826,38.76274065831476,2.6560706868882766
20.533877849578857,6,29.738223707677424,-8.96742308017945,38.74008900457582,2.625295266128107
20.533877849578857,7,26.769319166411677,-11.970619161372104,38.74584730175524,3.13557799508318
